date,code_departement,nom_departement,nom_region,indicateur_synthese
2020-04-30,1,Ain,Auvergne-Rhône-Alpes,orange
2020-04-30,2,Aisne,Hauts-de-France,rouge
2020-04-30,3,Allier,Auvergne-Rhône-Alpes,orange
2020-04-30,4,Alpes-de-Haute-Provence,Provence-Alpes-Côte d'Azur,orange
2020-04-30,5,Hautes-Alpes,Provence-Alpes-Côte d'Azur,orange
2020-04-30,6,Alpes-Maritimes,Provence-Alpes-Côte d'Azur,orange
2020-04-30,7,Ardèche,Auvergne-Rhône-Alpes,orange
2020-04-30,8,Ardennes,Grand Est,rouge
2020-04-30,9,Ariège,Occitanie,vert
2020-04-30,10,Aube,Grand Est,rouge
2020-04-30,11,Aude,Occitanie,vert
2020-04-30,12,Aveyron,Occitanie,vert
2020-04-30,13,Bouches-du-Rhône,Provence-Alpes-Côte d'Azur,orange
2020-04-30,14,Calvados,Normandie,orange
2020-04-30,15,Cantal,Auvergne-Rhône-Alpes,orange
2020-04-30,16,Charente,Nouvelle-Aquitaine,vert
2020-04-30,17,Charente-Maritime,Nouvelle-Aquitaine,vert
2020-04-30,18,Cher,Centre-Val de Loire,rouge
2020-04-30,19,Corrèze,Nouvelle-Aquitaine,vert
2020-04-30,21,Côte-d'Or,Bourgogne-Franche-Comté,rouge
2020-04-30,22,Côtes-d'Armor,Bretagne,vert
2020-04-30,23,Creuse,Nouvelle-Aquitaine,vert
2020-04-30,24,Dordogne,Nouvelle-Aquitaine,orange
2020-04-30,25,Doubs,Bourgogne-Franche-Comté,rouge
2020-04-30,26,Drôme,Auvergne-Rhône-Alpes,orange
2020-04-30,27,Eure,Normandie,vert
2020-04-30,28,Eure-et-Loir,Centre-Val de Loire,orange
2020-04-30,29,Finistère,Bretagne,vert
2020-04-30,2A,Corse-du-Sud,Corse,vert
2020-04-30,2B,Haute-Corse,Corse,rouge
2020-04-30,30,Gard,Occitanie,vert
2020-04-30,31,Haute-Garonne,Occitanie,vert
2020-04-30,32,Gers,Occitanie,orange
2020-04-30,33,Gironde,Nouvelle-Aquitaine,vert
2020-04-30,34,Hérault,Occitanie,vert
2020-04-30,35,Ille-et-Vilaine,Bretagne,vert
2020-04-30,36,Indre,Centre-Val de Loire,orange
2020-04-30,37,Indre-et-Loire,Centre-Val de Loire,orange
2020-04-30,38,Isère,Auvergne-Rhône-Alpes,orange
2020-04-30,39,Jura,Bourgogne-Franche-Comté,rouge
2020-04-30,40,Landes,Nouvelle-Aquitaine,vert
2020-04-30,41,Loir-et-Cher,Centre-Val de Loire,orange
2020-04-30,42,Loire,Auvergne-Rhône-Alpes,orange
2020-04-30,43,Haute-Loire,Auvergne-Rhône-Alpes,orange
2020-04-30,44,Loire-Atlantique,Pays de la Loire,orange
2020-04-30,45,Loiret,Centre-Val de Loire,orange
2020-04-30,46,Lot,Occitanie,rouge
2020-04-30,47,Lot-et-Garonne,Nouvelle-Aquitaine,vert
2020-04-30,48,Lozère,Occitanie,vert
2020-04-30,49,Maine-et-Loire,Pays de la Loire,vert
2020-04-30,50,Manche,Normandie,vert
2020-04-30,51,Marne,Grand Est,rouge
2020-04-30,52,Haute-Marne,Grand Est,rouge
2020-04-30,53,Mayenne,Pays de la Loire,orange
2020-04-30,54,Meurthe-et-Moselle,Grand Est,rouge
2020-04-30,55,Meuse,Grand Est,rouge
2020-04-30,56,Morbihan,Bretagne,vert
2020-04-30,57,Moselle,Grand Est,rouge
2020-04-30,58,Nièvre,Bourgogne-Franche-Comté,rouge
2020-04-30,59,Nord,Hauts-de-France,rouge
2020-04-30,60,Oise,Hauts-de-France,rouge
2020-04-30,61,Orne,Normandie,vert
2020-04-30,62,Pas-de-Calais,Hauts-de-France,rouge
2020-04-30,63,Puy-de-Dôme,Auvergne-Rhône-Alpes,orange
2020-04-30,64,Pyrénées-Atlantiques,Nouvelle-Aquitaine,vert
2020-04-30,65,Hautes-Pyrénées,Occitanie,vert
2020-04-30,66,Pyrénées-Orientales,Occitanie,vert
2020-04-30,67,Bas-Rhin,Grand Est,rouge
2020-04-30,68,Haut-Rhin,Grand Est,rouge
2020-04-30,69,Rhône,Auvergne-Rhône-Alpes,orange
2020-04-30,70,Haute-Saône,Bourgogne-Franche-Comté,rouge
2020-04-30,71,Saône-et-Loire,Bourgogne-Franche-Comté,rouge
2020-04-30,72,Sarthe,Pays de la Loire,orange
2020-04-30,73,Savoie,Auvergne-Rhône-Alpes,orange
2020-04-30,74,Haute-Savoie,Auvergne-Rhône-Alpes,orange
2020-04-30,75,Paris,Île-de-France,rouge
2020-04-30,76,Seine-Maritime,Normandie,vert
2020-04-30,77,Seine-et-Marne,Île-de-France,rouge
2020-04-30,78,Yvelines,Île-de-France,rouge
2020-04-30,79,Deux-Sèvres,Nouvelle-Aquitaine,vert
2020-04-30,80,Somme,Hauts-de-France,rouge
2020-04-30,81,Tarn,Occitanie,orange
2020-04-30,82,Tarn-et-Garonne,Occitanie,vert
2020-04-30,83,Var,Provence-Alpes-Côte d'Azur,orange
2020-04-30,84,Vaucluse,Provence-Alpes-Côte d'Azur,orange
2020-04-30,85,Vendée,Pays de la Loire,vert
2020-04-30,86,Vienne,Nouvelle-Aquitaine,vert
2020-04-30,87,Haute-Vienne,Nouvelle-Aquitaine,vert
2020-04-30,88,Vosges,Grand Est,rouge
2020-04-30,89,Yonne,Bourgogne-Franche-Comté,rouge
2020-04-30,90,Territoire de Belfort,Bourgogne-Franche-Comté,rouge
2020-04-30,91,Essonne,Île-de-France,rouge
2020-04-30,92,Hauts-de-Seine,Île-de-France,rouge
2020-04-30,93,Seine-Saint-Denis,Île-de-France,rouge
2020-04-30,94,Val-de-Marne,Île-de-France,rouge
2020-04-30,95,Val-d'Oise,Île-de-France,rouge
2020-04-30,971,Guadeloupe,Guadeloupe,vert
2020-04-30,972,Martinique,Martinique,vert
2020-04-30,973,Guyane,Guyane,vert
2020-04-30,974,La Réunion,La Réunion,vert
2020-04-30,976,Mayotte,Mayotte,rouge
2020-05-01,1,Ain,Auvergne-Rhône-Alpes,orange
2020-05-01,2,Aisne,Hauts-de-France,rouge
2020-05-01,3,Allier,Auvergne-Rhône-Alpes,orange
2020-05-01,4,Alpes-de-Haute-Provence,Provence-Alpes-Côte d'Azur,orange
2020-05-01,5,Hautes-Alpes,Provence-Alpes-Côte d'Azur,orange
2020-05-01,6,Alpes-Maritimes,Provence-Alpes-Côte d'Azur,orange
2020-05-01,7,Ardèche,Auvergne-Rhône-Alpes,orange
2020-05-01,8,Ardennes,Grand Est,rouge
2020-05-01,9,Ariège,Occitanie,vert
2020-05-01,10,Aube,Grand Est,rouge
2020-05-01,11,Aude,Occitanie,vert
2020-05-01,12,Aveyron,Occitanie,vert
2020-05-01,13,Bouches-du-Rhône,Provence-Alpes-Côte d'Azur,orange
2020-05-01,14,Calvados,Normandie,vert
2020-05-01,15,Cantal,Auvergne-Rhône-Alpes,orange
2020-05-01,16,Charente,Nouvelle-Aquitaine,vert
2020-05-01,17,Charente-Maritime,Nouvelle-Aquitaine,vert
2020-05-01,18,Cher,Centre-Val de Loire,orange
2020-05-01,19,Corrèze,Nouvelle-Aquitaine,vert
2020-05-01,21,Côte-d'Or,Bourgogne-Franche-Comté,rouge
2020-05-01,22,Côtes-d'Armor,Bretagne,vert
2020-05-01,23,Creuse,Nouvelle-Aquitaine,vert
2020-05-01,24,Dordogne,Nouvelle-Aquitaine,vert
2020-05-01,25,Doubs,Bourgogne-Franche-Comté,rouge
2020-05-01,26,Drôme,Auvergne-Rhône-Alpes,orange
2020-05-01,27,Eure,Normandie,vert
2020-05-01,28,Eure-et-Loir,Centre-Val de Loire,orange
2020-05-01,29,Finistère,Bretagne,vert
2020-05-01,2A,Corse-du-Sud,Corse,vert
2020-05-01,2B,Haute-Corse,Corse,vert
2020-05-01,30,Gard,Occitanie,vert
2020-05-01,31,Haute-Garonne,Occitanie,vert
2020-05-01,32,Gers,Occitanie,orange
2020-05-01,33,Gironde,Nouvelle-Aquitaine,vert
2020-05-01,34,Hérault,Occitanie,vert
2020-05-01,35,Ille-et-Vilaine,Bretagne,vert
2020-05-01,36,Indre,Centre-Val de Loire,orange
2020-05-01,37,Indre-et-Loire,Centre-Val de Loire,orange
2020-05-01,38,Isère,Auvergne-Rhône-Alpes,orange
2020-05-01,39,Jura,Bourgogne-Franche-Comté,rouge
2020-05-01,40,Landes,Nouvelle-Aquitaine,vert
2020-05-01,41,Loir-et-Cher,Centre-Val de Loire,orange
2020-05-01,42,Loire,Auvergne-Rhône-Alpes,orange
2020-05-01,43,Haute-Loire,Auvergne-Rhône-Alpes,orange
2020-05-01,44,Loire-Atlantique,Pays de la Loire,orange
2020-05-01,45,Loiret,Centre-Val de Loire,orange
2020-05-01,46,Lot,Occitanie,vert
2020-05-01,47,Lot-et-Garonne,Nouvelle-Aquitaine,vert
2020-05-01,48,Lozère,Occitanie,vert
2020-05-01,49,Maine-et-Loire,Pays de la Loire,vert
2020-05-01,50,Manche,Normandie,vert
2020-05-01,51,Marne,Grand Est,rouge
2020-05-01,52,Haute-Marne,Grand Est,rouge
2020-05-01,53,Mayenne,Pays de la Loire,orange
2020-05-01,54,Meurthe-et-Moselle,Grand Est,rouge
2020-05-01,55,Meuse,Grand Est,rouge
2020-05-01,56,Morbihan,Bretagne,vert
2020-05-01,57,Moselle,Grand Est,rouge
2020-05-01,58,Nièvre,Bourgogne-Franche-Comté,rouge
2020-05-01,59,Nord,Hauts-de-France,rouge
2020-05-01,60,Oise,Hauts-de-France,rouge
2020-05-01,61,Orne,Normandie,vert
2020-05-01,62,Pas-de-Calais,Hauts-de-France,rouge
2020-05-01,63,Puy-de-Dôme,Auvergne-Rhône-Alpes,orange
2020-05-01,64,Pyrénées-Atlantiques,Nouvelle-Aquitaine,vert
2020-05-01,65,Hautes-Pyrénées,Occitanie,vert
2020-05-01,66,Pyrénées-Orientales,Occitanie,vert
2020-05-01,67,Bas-Rhin,Grand Est,rouge
2020-05-01,68,Haut-Rhin,Grand Est,rouge
2020-05-01,69,Rhône,Auvergne-Rhône-Alpes,orange
2020-05-01,70,Haute-Saône,Bourgogne-Franche-Comté,rouge
2020-05-01,71,Saône-et-Loire,Bourgogne-Franche-Comté,rouge
2020-05-01,72,Sarthe,Pays de la Loire,orange
2020-05-01,73,Savoie,Auvergne-Rhône-Alpes,orange
2020-05-01,74,Haute-Savoie,Auvergne-Rhône-Alpes,orange
2020-05-01,75,Paris,Île-de-France,rouge
2020-05-01,76,Seine-Maritime,Normandie,vert
2020-05-01,77,Seine-et-Marne,Île-de-France,rouge
2020-05-01,78,Yvelines,Île-de-France,rouge
2020-05-01,79,Deux-Sèvres,Nouvelle-Aquitaine,vert
2020-05-01,80,Somme,Hauts-de-France,rouge
2020-05-01,81,Tarn,Occitanie,vert
2020-05-01,82,Tarn-et-Garonne,Occitanie,vert
2020-05-01,83,Var,Provence-Alpes-Côte d'Azur,orange
2020-05-01,84,Vaucluse,Provence-Alpes-Côte d'Azur,orange
2020-05-01,85,Vendée,Pays de la Loire,vert
2020-05-01,86,Vienne,Nouvelle-Aquitaine,vert
2020-05-01,87,Haute-Vienne,Nouvelle-Aquitaine,vert
2020-05-01,88,Vosges,Grand Est,rouge
2020-05-01,89,Yonne,Bourgogne-Franche-Comté,rouge
2020-05-01,90,Territoire de Belfort,Bourgogne-Franche-Comté,rouge
2020-05-01,91,Essonne,Île-de-France,rouge
2020-05-01,92,Hauts-de-Seine,Île-de-France,rouge
2020-05-01,93,Seine-Saint-Denis,Île-de-France,rouge
2020-05-01,94,Val-de-Marne,Île-de-France,rouge
2020-05-01,95,Val-d'Oise,Île-de-France,rouge
2020-05-01,971,Guadeloupe,Guadeloupe,vert
2020-05-01,972,Martinique,Martinique,vert
2020-05-01,973,Guyane,Guyane,vert
2020-05-01,974,La Réunion,La Réunion,vert
2020-05-01,976,Mayotte,Mayotte,rouge
2020-05-02,1,Ain,Auvergne-Rhône-Alpes,orange
2020-05-02,2,Aisne,Hauts-de-France,rouge
2020-05-02,3,Allier,Auvergne-Rhône-Alpes,orange
2020-05-02,4,Alpes-de-Haute-Provence,Provence-Alpes-Côte d'Azur,vert
2020-05-02,5,Hautes-Alpes,Provence-Alpes-Côte d'Azur,vert
2020-05-02,6,Alpes-Maritimes,Provence-Alpes-Côte d'Azur,vert
2020-05-02,7,Ardèche,Auvergne-Rhône-Alpes,orange
2020-05-02,8,Ardennes,Grand Est,rouge
2020-05-02,9,Ariège,Occitanie,vert
2020-05-02,10,Aube,Grand Est,rouge
2020-05-02,11,Aude,Occitanie,vert
2020-05-02,12,Aveyron,Occitanie,vert
2020-05-02,13,Bouches-du-Rhône,Provence-Alpes-Côte d'Azur,vert
2020-05-02,14,Calvados,Normandie,vert
2020-05-02,15,Cantal,Auvergne-Rhône-Alpes,orange
2020-05-02,16,Charente,Nouvelle-Aquitaine,vert
2020-05-02,17,Charente-Maritime,Nouvelle-Aquitaine,vert
2020-05-02,18,Cher,Centre-Val de Loire,orange
2020-05-02,19,Corrèze,Nouvelle-Aquitaine,vert
2020-05-02,21,Côte-d'Or,Bourgogne-Franche-Comté,rouge
2020-05-02,22,Côtes-d'Armor,Bretagne,vert
2020-05-02,23,Creuse,Nouvelle-Aquitaine,vert
2020-05-02,24,Dordogne,Nouvelle-Aquitaine,vert
2020-05-02,25,Doubs,Bourgogne-Franche-Comté,rouge
2020-05-02,26,Drôme,Auvergne-Rhône-Alpes,orange
2020-05-02,27,Eure,Normandie,vert
2020-05-02,28,Eure-et-Loir,Centre-Val de Loire,orange
2020-05-02,29,Finistère,Bretagne,vert
2020-05-02,2A,Corse-du-Sud,Corse,vert
2020-05-02,2B,Haute-Corse,Corse,vert
2020-05-02,30,Gard,Occitanie,vert
2020-05-02,31,Haute-Garonne,Occitanie,vert
2020-05-02,32,Gers,Occitanie,orange
2020-05-02,33,Gironde,Nouvelle-Aquitaine,vert
2020-05-02,34,Hérault,Occitanie,vert
2020-05-02,35,Ille-et-Vilaine,Bretagne,vert
2020-05-02,36,Indre,Centre-Val de Loire,orange
2020-05-02,37,Indre-et-Loire,Centre-Val de Loire,orange
2020-05-02,38,Isère,Auvergne-Rhône-Alpes,orange
2020-05-02,39,Jura,Bourgogne-Franche-Comté,rouge
2020-05-02,40,Landes,Nouvelle-Aquitaine,vert
2020-05-02,41,Loir-et-Cher,Centre-Val de Loire,orange
2020-05-02,42,Loire,Auvergne-Rhône-Alpes,orange
2020-05-02,43,Haute-Loire,Auvergne-Rhône-Alpes,orange
2020-05-02,44,Loire-Atlantique,Pays de la Loire,orange
2020-05-02,45,Loiret,Centre-Val de Loire,orange
2020-05-02,46,Lot,Occitanie,vert
2020-05-02,47,Lot-et-Garonne,Nouvelle-Aquitaine,vert
2020-05-02,48,Lozère,Occitanie,vert
2020-05-02,49,Maine-et-Loire,Pays de la Loire,vert
2020-05-02,50,Manche,Normandie,vert
2020-05-02,51,Marne,Grand Est,rouge
2020-05-02,52,Haute-Marne,Grand Est,rouge
2020-05-02,53,Mayenne,Pays de la Loire,orange
2020-05-02,54,Meurthe-et-Moselle,Grand Est,rouge
2020-05-02,55,Meuse,Grand Est,rouge
2020-05-02,56,Morbihan,Bretagne,vert
2020-05-02,57,Moselle,Grand Est,rouge
2020-05-02,58,Nièvre,Bourgogne-Franche-Comté,rouge
2020-05-02,59,Nord,Hauts-de-France,rouge
2020-05-02,60,Oise,Hauts-de-France,rouge
2020-05-02,61,Orne,Normandie,vert
2020-05-02,62,Pas-de-Calais,Hauts-de-France,rouge
2020-05-02,63,Puy-de-Dôme,Auvergne-Rhône-Alpes,orange
2020-05-02,64,Pyrénées-Atlantiques,Nouvelle-Aquitaine,vert
2020-05-02,65,Hautes-Pyrénées,Occitanie,vert
2020-05-02,66,Pyrénées-Orientales,Occitanie,vert
2020-05-02,67,Bas-Rhin,Grand Est,rouge
2020-05-02,68,Haut-Rhin,Grand Est,rouge
2020-05-02,69,Rhône,Auvergne-Rhône-Alpes,orange
2020-05-02,70,Haute-Saône,Bourgogne-Franche-Comté,rouge
2020-05-02,71,Saône-et-Loire,Bourgogne-Franche-Comté,rouge
2020-05-02,72,Sarthe,Pays de la Loire,orange
2020-05-02,73,Savoie,Auvergne-Rhône-Alpes,orange
2020-05-02,74,Haute-Savoie,Auvergne-Rhône-Alpes,orange
2020-05-02,75,Paris,Île-de-France,rouge
2020-05-02,76,Seine-Maritime,Normandie,vert
2020-05-02,77,Seine-et-Marne,Île-de-France,rouge
2020-05-02,78,Yvelines,Île-de-France,rouge
2020-05-02,79,Deux-Sèvres,Nouvelle-Aquitaine,vert
2020-05-02,80,Somme,Hauts-de-France,rouge
2020-05-02,81,Tarn,Occitanie,vert
2020-05-02,82,Tarn-et-Garonne,Occitanie,vert
2020-05-02,83,Var,Provence-Alpes-Côte d'Azur,vert
2020-05-02,84,Vaucluse,Provence-Alpes-Côte d'Azur,vert
2020-05-02,85,Vendée,Pays de la Loire,vert
2020-05-02,86,Vienne,Nouvelle-Aquitaine,vert
2020-05-02,87,Haute-Vienne,Nouvelle-Aquitaine,vert
2020-05-02,88,Vosges,Grand Est,rouge
2020-05-02,89,Yonne,Bourgogne-Franche-Comté,rouge
2020-05-02,90,Territoire de Belfort,Bourgogne-Franche-Comté,rouge
2020-05-02,91,Essonne,Île-de-France,rouge
2020-05-02,92,Hauts-de-Seine,Île-de-France,rouge
2020-05-02,93,Seine-Saint-Denis,Île-de-France,rouge
2020-05-02,94,Val-de-Marne,Île-de-France,rouge
2020-05-02,95,Val-d'Oise,Île-de-France,rouge
2020-05-02,971,Guadeloupe,Guadeloupe,vert
2020-05-02,972,Martinique,Martinique,vert
2020-05-02,973,Guyane,Guyane,vert
2020-05-02,974,La Réunion,La Réunion,vert
2020-05-02,976,Mayotte,Mayotte,rouge
2020-05-03,1,Ain,Auvergne-Rhône-Alpes,orange
2020-05-03,2,Aisne,Hauts-de-France,rouge
2020-05-03,3,Allier,Auvergne-Rhône-Alpes,orange
2020-05-03,4,Alpes-de-Haute-Provence,Provence-Alpes-Côte d'Azur,vert
2020-05-03,5,Hautes-Alpes,Provence-Alpes-Côte d'Azur,vert
2020-05-03,6,Alpes-Maritimes,Provence-Alpes-Côte d'Azur,vert
2020-05-03,7,Ardèche,Auvergne-Rhône-Alpes,orange
2020-05-03,8,Ardennes,Grand Est,rouge
2020-05-03,9,Ariège,Occitanie,vert
2020-05-03,10,Aube,Grand Est,rouge
2020-05-03,11,Aude,Occitanie,vert
2020-05-03,12,Aveyron,Occitanie,vert
2020-05-03,13,Bouches-du-Rhône,Provence-Alpes-Côte d'Azur,vert
2020-05-03,14,Calvados,Normandie,vert
2020-05-03,15,Cantal,Auvergne-Rhône-Alpes,orange
2020-05-03,16,Charente,Nouvelle-Aquitaine,vert
2020-05-03,17,Charente-Maritime,Nouvelle-Aquitaine,vert
2020-05-03,18,Cher,Centre-Val de Loire,orange
2020-05-03,19,Corrèze,Nouvelle-Aquitaine,vert
2020-05-03,21,Côte-d'Or,Bourgogne-Franche-Comté,rouge
2020-05-03,22,Côtes-d'Armor,Bretagne,vert
2020-05-03,23,Creuse,Nouvelle-Aquitaine,vert
2020-05-03,24,Dordogne,Nouvelle-Aquitaine,vert
2020-05-03,25,Doubs,Bourgogne-Franche-Comté,rouge
2020-05-03,26,Drôme,Auvergne-Rhône-Alpes,orange
2020-05-03,27,Eure,Normandie,vert
2020-05-03,28,Eure-et-Loir,Centre-Val de Loire,orange
2020-05-03,29,Finistère,Bretagne,vert
2020-05-03,2A,Corse-du-Sud,Corse,vert
2020-05-03,2B,Haute-Corse,Corse,vert
2020-05-03,30,Gard,Occitanie,vert
2020-05-03,31,Haute-Garonne,Occitanie,vert
2020-05-03,32,Gers,Occitanie,vert
2020-05-03,33,Gironde,Nouvelle-Aquitaine,vert
2020-05-03,34,Hérault,Occitanie,vert
2020-05-03,35,Ille-et-Vilaine,Bretagne,vert
2020-05-03,36,Indre,Centre-Val de Loire,orange
2020-05-03,37,Indre-et-Loire,Centre-Val de Loire,orange
2020-05-03,38,Isère,Auvergne-Rhône-Alpes,orange
2020-05-03,39,Jura,Bourgogne-Franche-Comté,rouge
2020-05-03,40,Landes,Nouvelle-Aquitaine,vert
2020-05-03,41,Loir-et-Cher,Centre-Val de Loire,orange
2020-05-03,42,Loire,Auvergne-Rhône-Alpes,orange
2020-05-03,43,Haute-Loire,Auvergne-Rhône-Alpes,orange
2020-05-03,44,Loire-Atlantique,Pays de la Loire,vert
2020-05-03,45,Loiret,Centre-Val de Loire,orange
2020-05-03,46,Lot,Occitanie,vert
2020-05-03,47,Lot-et-Garonne,Nouvelle-Aquitaine,vert
2020-05-03,48,Lozère,Occitanie,vert
2020-05-03,49,Maine-et-Loire,Pays de la Loire,vert
2020-05-03,50,Manche,Normandie,vert
2020-05-03,51,Marne,Grand Est,rouge
2020-05-03,52,Haute-Marne,Grand Est,rouge
2020-05-03,53,Mayenne,Pays de la Loire,vert
2020-05-03,54,Meurthe-et-Moselle,Grand Est,rouge
2020-05-03,55,Meuse,Grand Est,rouge
2020-05-03,56,Morbihan,Bretagne,vert
2020-05-03,57,Moselle,Grand Est,rouge
2020-05-03,58,Nièvre,Bourgogne-Franche-Comté,rouge
2020-05-03,59,Nord,Hauts-de-France,rouge
2020-05-03,60,Oise,Hauts-de-France,rouge
2020-05-03,61,Orne,Normandie,vert
2020-05-03,62,Pas-de-Calais,Hauts-de-France,rouge
2020-05-03,63,Puy-de-Dôme,Auvergne-Rhône-Alpes,orange
2020-05-03,64,Pyrénées-Atlantiques,Nouvelle-Aquitaine,vert
2020-05-03,65,Hautes-Pyrénées,Occitanie,vert
2020-05-03,66,Pyrénées-Orientales,Occitanie,vert
2020-05-03,67,Bas-Rhin,Grand Est,rouge
2020-05-03,68,Haut-Rhin,Grand Est,rouge
2020-05-03,69,Rhône,Auvergne-Rhône-Alpes,orange
2020-05-03,70,Haute-Saône,Bourgogne-Franche-Comté,rouge
2020-05-03,71,Saône-et-Loire,Bourgogne-Franche-Comté,rouge
2020-05-03,72,Sarthe,Pays de la Loire,orange
2020-05-03,73,Savoie,Auvergne-Rhône-Alpes,orange
2020-05-03,74,Haute-Savoie,Auvergne-Rhône-Alpes,orange
2020-05-03,75,Paris,Île-de-France,rouge
2020-05-03,76,Seine-Maritime,Normandie,vert
2020-05-03,77,Seine-et-Marne,Île-de-France,rouge
2020-05-03,78,Yvelines,Île-de-France,rouge
2020-05-03,79,Deux-Sèvres,Nouvelle-Aquitaine,vert
2020-05-03,80,Somme,Hauts-de-France,rouge
2020-05-03,81,Tarn,Occitanie,vert
2020-05-03,82,Tarn-et-Garonne,Occitanie,vert
2020-05-03,83,Var,Provence-Alpes-Côte d'Azur,vert
2020-05-03,84,Vaucluse,Provence-Alpes-Côte d'Azur,vert
2020-05-03,85,Vendée,Pays de la Loire,vert
2020-05-03,86,Vienne,Nouvelle-Aquitaine,vert
2020-05-03,87,Haute-Vienne,Nouvelle-Aquitaine,vert
2020-05-03,88,Vosges,Grand Est,rouge
2020-05-03,89,Yonne,Bourgogne-Franche-Comté,rouge
2020-05-03,90,Territoire de Belfort,Bourgogne-Franche-Comté,rouge
2020-05-03,91,Essonne,Île-de-France,rouge
2020-05-03,92,Hauts-de-Seine,Île-de-France,rouge
2020-05-03,93,Seine-Saint-Denis,Île-de-France,rouge
2020-05-03,94,Val-de-Marne,Île-de-France,rouge
2020-05-03,95,Val-d'Oise,Île-de-France,rouge
2020-05-03,971,Guadeloupe,Guadeloupe,vert
2020-05-03,972,Martinique,Martinique,vert
2020-05-03,973,Guyane,Guyane,vert
2020-05-03,974,La Réunion,La Réunion,vert
2020-05-03,976,Mayotte,Mayotte,rouge
2020-05-04,1,Ain,Auvergne-Rhône-Alpes,orange
2020-05-04,2,Aisne,Hauts-de-France,rouge
2020-05-04,3,Allier,Auvergne-Rhône-Alpes,orange
2020-05-04,4,Alpes-de-Haute-Provence,Provence-Alpes-Côte d'Azur,vert
2020-05-04,5,Hautes-Alpes,Provence-Alpes-Côte d'Azur,vert
2020-05-04,6,Alpes-Maritimes,Provence-Alpes-Côte d'Azur,vert
2020-05-04,7,Ardèche,Auvergne-Rhône-Alpes,orange
2020-05-04,8,Ardennes,Grand Est,rouge
2020-05-04,9,Ariège,Occitanie,vert
2020-05-04,10,Aube,Grand Est,rouge
2020-05-04,11,Aude,Occitanie,vert
2020-05-04,12,Aveyron,Occitanie,vert
2020-05-04,13,Bouches-du-Rhône,Provence-Alpes-Côte d'Azur,vert
2020-05-04,14,Calvados,Normandie,vert
2020-05-04,15,Cantal,Auvergne-Rhône-Alpes,orange
2020-05-04,16,Charente,Nouvelle-Aquitaine,vert
2020-05-04,17,Charente-Maritime,Nouvelle-Aquitaine,vert
2020-05-04,18,Cher,Centre-Val de Loire,orange
2020-05-04,19,Corrèze,Nouvelle-Aquitaine,vert
2020-05-04,21,Côte-d'Or,Bourgogne-Franche-Comté,rouge
2020-05-04,22,Côtes-d'Armor,Bretagne,vert
2020-05-04,23,Creuse,Nouvelle-Aquitaine,vert
2020-05-04,24,Dordogne,Nouvelle-Aquitaine,vert
2020-05-04,25,Doubs,Bourgogne-Franche-Comté,rouge
2020-05-04,26,Drôme,Auvergne-Rhône-Alpes,orange
2020-05-04,27,Eure,Normandie,vert
2020-05-04,28,Eure-et-Loir,Centre-Val de Loire,orange
2020-05-04,29,Finistère,Bretagne,vert
2020-05-04,2A,Corse-du-Sud,Corse,vert
2020-05-04,2B,Haute-Corse,Corse,vert
2020-05-04,30,Gard,Occitanie,vert
2020-05-04,31,Haute-Garonne,Occitanie,vert
2020-05-04,32,Gers,Occitanie,vert
2020-05-04,33,Gironde,Nouvelle-Aquitaine,vert
2020-05-04,34,Hérault,Occitanie,vert
2020-05-04,35,Ille-et-Vilaine,Bretagne,vert
2020-05-04,36,Indre,Centre-Val de Loire,orange
2020-05-04,37,Indre-et-Loire,Centre-Val de Loire,orange
2020-05-04,38,Isère,Auvergne-Rhône-Alpes,orange
2020-05-04,39,Jura,Bourgogne-Franche-Comté,rouge
2020-05-04,40,Landes,Nouvelle-Aquitaine,vert
2020-05-04,41,Loir-et-Cher,Centre-Val de Loire,orange
2020-05-04,42,Loire,Auvergne-Rhône-Alpes,orange
2020-05-04,43,Haute-Loire,Auvergne-Rhône-Alpes,orange
2020-05-04,44,Loire-Atlantique,Pays de la Loire,vert
2020-05-04,45,Loiret,Centre-Val de Loire,orange
2020-05-04,46,Lot,Occitanie,vert
2020-05-04,47,Lot-et-Garonne,Nouvelle-Aquitaine,vert
2020-05-04,48,Lozère,Occitanie,vert
2020-05-04,49,Maine-et-Loire,Pays de la Loire,vert
2020-05-04,50,Manche,Normandie,vert
2020-05-04,51,Marne,Grand Est,rouge
2020-05-04,52,Haute-Marne,Grand Est,rouge
2020-05-04,53,Mayenne,Pays de la Loire,vert
2020-05-04,54,Meurthe-et-Moselle,Grand Est,rouge
2020-05-04,55,Meuse,Grand Est,rouge
2020-05-04,56,Morbihan,Bretagne,vert
2020-05-04,57,Moselle,Grand Est,rouge
2020-05-04,58,Nièvre,Bourgogne-Franche-Comté,rouge
2020-05-04,59,Nord,Hauts-de-France,rouge
2020-05-04,60,Oise,Hauts-de-France,rouge
2020-05-04,61,Orne,Normandie,vert
2020-05-04,62,Pas-de-Calais,Hauts-de-France,rouge
2020-05-04,63,Puy-de-Dôme,Auvergne-Rhône-Alpes,orange
2020-05-04,64,Pyrénées-Atlantiques,Nouvelle-Aquitaine,vert
2020-05-04,65,Hautes-Pyrénées,Occitanie,vert
2020-05-04,66,Pyrénées-Orientales,Occitanie,vert
2020-05-04,67,Bas-Rhin,Grand Est,rouge
2020-05-04,68,Haut-Rhin,Grand Est,rouge
2020-05-04,69,Rhône,Auvergne-Rhône-Alpes,orange
2020-05-04,70,Haute-Saône,Bourgogne-Franche-Comté,rouge
2020-05-04,71,Saône-et-Loire,Bourgogne-Franche-Comté,rouge
2020-05-04,72,Sarthe,Pays de la Loire,orange
2020-05-04,73,Savoie,Auvergne-Rhône-Alpes,orange
2020-05-04,74,Haute-Savoie,Auvergne-Rhône-Alpes,orange
2020-05-04,75,Paris,Île-de-France,rouge
2020-05-04,76,Seine-Maritime,Normandie,vert
2020-05-04,77,Seine-et-Marne,Île-de-France,rouge
2020-05-04,78,Yvelines,Île-de-France,rouge
2020-05-04,79,Deux-Sèvres,Nouvelle-Aquitaine,vert
2020-05-04,80,Somme,Hauts-de-France,rouge
2020-05-04,81,Tarn,Occitanie,vert
2020-05-04,82,Tarn-et-Garonne,Occitanie,vert
2020-05-04,83,Var,Provence-Alpes-Côte d'Azur,vert
2020-05-04,84,Vaucluse,Provence-Alpes-Côte d'Azur,vert
2020-05-04,85,Vendée,Pays de la Loire,vert
2020-05-04,86,Vienne,Nouvelle-Aquitaine,vert
2020-05-04,87,Haute-Vienne,Nouvelle-Aquitaine,vert
2020-05-04,88,Vosges,Grand Est,rouge
2020-05-04,89,Yonne,Bourgogne-Franche-Comté,rouge
2020-05-04,90,Territoire de Belfort,Bourgogne-Franche-Comté,rouge
2020-05-04,91,Essonne,Île-de-France,rouge
2020-05-04,92,Hauts-de-Seine,Île-de-France,rouge
2020-05-04,93,Seine-Saint-Denis,Île-de-France,rouge
2020-05-04,94,Val-de-Marne,Île-de-France,rouge
2020-05-04,95,Val-d'Oise,Île-de-France,rouge
2020-05-04,971,Guadeloupe,Guadeloupe,vert
2020-05-04,972,Martinique,Martinique,vert
2020-05-04,973,Guyane,Guyane,vert
2020-05-04,974,La Réunion,La Réunion,vert
2020-05-04,976,Mayotte,Mayotte,rouge
2020-05-05,1,Ain,Auvergne-Rhône-Alpes,orange
2020-05-05,2,Aisne,Hauts-de-France,orange
2020-05-05,3,Allier,Auvergne-Rhône-Alpes,orange
2020-05-05,4,Alpes-de-Haute-Provence,Provence-Alpes-Côte d'Azur,vert
2020-05-05,5,Hautes-Alpes,Provence-Alpes-Côte d'Azur,vert
2020-05-05,6,Alpes-Maritimes,Provence-Alpes-Côte d'Azur,vert
2020-05-05,7,Ardèche,Auvergne-Rhône-Alpes,orange
2020-05-05,8,Ardennes,Grand Est,rouge
2020-05-05,9,Ariège,Occitanie,vert
2020-05-05,10,Aube,Grand Est,rouge
2020-05-05,11,Aude,Occitanie,vert
2020-05-05,12,Aveyron,Occitanie,vert
2020-05-05,13,Bouches-du-Rhône,Provence-Alpes-Côte d'Azur,vert
2020-05-05,14,Calvados,Normandie,vert
2020-05-05,15,Cantal,Auvergne-Rhône-Alpes,orange
2020-05-05,16,Charente,Nouvelle-Aquitaine,vert
2020-05-05,17,Charente-Maritime,Nouvelle-Aquitaine,vert
2020-05-05,18,Cher,Centre-Val de Loire,orange
2020-05-05,19,Corrèze,Nouvelle-Aquitaine,vert
2020-05-05,21,Côte-d'Or,Bourgogne-Franche-Comté,rouge
2020-05-05,22,Côtes-d'Armor,Bretagne,vert
2020-05-05,23,Creuse,Nouvelle-Aquitaine,vert
2020-05-05,24,Dordogne,Nouvelle-Aquitaine,vert
2020-05-05,25,Doubs,Bourgogne-Franche-Comté,rouge
2020-05-05,26,Drôme,Auvergne-Rhône-Alpes,orange
2020-05-05,27,Eure,Normandie,vert
2020-05-05,28,Eure-et-Loir,Centre-Val de Loire,orange
2020-05-05,29,Finistère,Bretagne,vert
2020-05-05,2A,Corse-du-Sud,Corse,vert
2020-05-05,2B,Haute-Corse,Corse,vert
2020-05-05,30,Gard,Occitanie,vert
2020-05-05,31,Haute-Garonne,Occitanie,vert
2020-05-05,32,Gers,Occitanie,vert
2020-05-05,33,Gironde,Nouvelle-Aquitaine,vert
2020-05-05,34,Hérault,Occitanie,vert
2020-05-05,35,Ille-et-Vilaine,Bretagne,vert
2020-05-05,36,Indre,Centre-Val de Loire,orange
2020-05-05,37,Indre-et-Loire,Centre-Val de Loire,orange
2020-05-05,38,Isère,Auvergne-Rhône-Alpes,orange
2020-05-05,39,Jura,Bourgogne-Franche-Comté,rouge
2020-05-05,40,Landes,Nouvelle-Aquitaine,vert
2020-05-05,41,Loir-et-Cher,Centre-Val de Loire,orange
2020-05-05,42,Loire,Auvergne-Rhône-Alpes,orange
2020-05-05,43,Haute-Loire,Auvergne-Rhône-Alpes,orange
2020-05-05,44,Loire-Atlantique,Pays de la Loire,vert
2020-05-05,45,Loiret,Centre-Val de Loire,orange
2020-05-05,46,Lot,Occitanie,vert
2020-05-05,47,Lot-et-Garonne,Nouvelle-Aquitaine,vert
2020-05-05,48,Lozère,Occitanie,vert
2020-05-05,49,Maine-et-Loire,Pays de la Loire,vert
2020-05-05,50,Manche,Normandie,vert
2020-05-05,51,Marne,Grand Est,rouge
2020-05-05,52,Haute-Marne,Grand Est,rouge
2020-05-05,53,Mayenne,Pays de la Loire,vert
2020-05-05,54,Meurthe-et-Moselle,Grand Est,rouge
2020-05-05,55,Meuse,Grand Est,rouge
2020-05-05,56,Morbihan,Bretagne,vert
2020-05-05,57,Moselle,Grand Est,rouge
2020-05-05,58,Nièvre,Bourgogne-Franche-Comté,rouge
2020-05-05,59,Nord,Hauts-de-France,orange
2020-05-05,60,Oise,Hauts-de-France,orange
2020-05-05,61,Orne,Normandie,vert
2020-05-05,62,Pas-de-Calais,Hauts-de-France,orange
2020-05-05,63,Puy-de-Dôme,Auvergne-Rhône-Alpes,orange
2020-05-05,64,Pyrénées-Atlantiques,Nouvelle-Aquitaine,vert
2020-05-05,65,Hautes-Pyrénées,Occitanie,vert
2020-05-05,66,Pyrénées-Orientales,Occitanie,vert
2020-05-05,67,Bas-Rhin,Grand Est,rouge
2020-05-05,68,Haut-Rhin,Grand Est,rouge
2020-05-05,69,Rhône,Auvergne-Rhône-Alpes,orange
2020-05-05,70,Haute-Saône,Bourgogne-Franche-Comté,rouge
2020-05-05,71,Saône-et-Loire,Bourgogne-Franche-Comté,rouge
2020-05-05,72,Sarthe,Pays de la Loire,orange
2020-05-05,73,Savoie,Auvergne-Rhône-Alpes,orange
2020-05-05,74,Haute-Savoie,Auvergne-Rhône-Alpes,orange
2020-05-05,75,Paris,Île-de-France,rouge
2020-05-05,76,Seine-Maritime,Normandie,vert
2020-05-05,77,Seine-et-Marne,Île-de-France,rouge
2020-05-05,78,Yvelines,Île-de-France,rouge
2020-05-05,79,Deux-Sèvres,Nouvelle-Aquitaine,vert
2020-05-05,80,Somme,Hauts-de-France,orange
2020-05-05,81,Tarn,Occitanie,vert
2020-05-05,82,Tarn-et-Garonne,Occitanie,vert
2020-05-05,83,Var,Provence-Alpes-Côte d'Azur,vert
2020-05-05,84,Vaucluse,Provence-Alpes-Côte d'Azur,vert
2020-05-05,85,Vendée,Pays de la Loire,vert
2020-05-05,86,Vienne,Nouvelle-Aquitaine,vert
2020-05-05,87,Haute-Vienne,Nouvelle-Aquitaine,vert
2020-05-05,88,Vosges,Grand Est,rouge
2020-05-05,89,Yonne,Bourgogne-Franche-Comté,rouge
2020-05-05,90,Territoire de Belfort,Bourgogne-Franche-Comté,rouge
2020-05-05,91,Essonne,Île-de-France,rouge
2020-05-05,92,Hauts-de-Seine,Île-de-France,rouge
2020-05-05,93,Seine-Saint-Denis,Île-de-France,rouge
2020-05-05,94,Val-de-Marne,Île-de-France,rouge
2020-05-05,95,Val-d'Oise,Île-de-France,rouge
2020-05-05,971,Guadeloupe,Guadeloupe,vert
2020-05-05,972,Martinique,Martinique,vert
2020-05-05,973,Guyane,Guyane,vert
2020-05-05,974,La Réunion,La Réunion,vert
2020-05-05,976,Mayotte,Mayotte,rouge
2020-05-06,1,Ain,Auvergne-Rhône-Alpes,orange
2020-05-06,2,Aisne,Hauts-de-France,orange
2020-05-06,3,Allier,Auvergne-Rhône-Alpes,orange
2020-05-06,4,Alpes-de-Haute-Provence,Provence-Alpes-Côte d'Azur,vert
2020-05-06,5,Hautes-Alpes,Provence-Alpes-Côte d'Azur,vert
2020-05-06,6,Alpes-Maritimes,Provence-Alpes-Côte d'Azur,vert
2020-05-06,7,Ardèche,Auvergne-Rhône-Alpes,orange
2020-05-06,8,Ardennes,Grand Est,rouge
2020-05-06,9,Ariège,Occitanie,vert
2020-05-06,10,Aube,Grand Est,rouge
2020-05-06,11,Aude,Occitanie,vert
2020-05-06,12,Aveyron,Occitanie,vert
2020-05-06,13,Bouches-du-Rhône,Provence-Alpes-Côte d'Azur,vert
2020-05-06,14,Calvados,Normandie,vert
2020-05-06,15,Cantal,Auvergne-Rhône-Alpes,orange
2020-05-06,16,Charente,Nouvelle-Aquitaine,vert
2020-05-06,17,Charente-Maritime,Nouvelle-Aquitaine,vert
2020-05-06,18,Cher,Centre-Val de Loire,orange
2020-05-06,19,Corrèze,Nouvelle-Aquitaine,vert
2020-05-06,21,Côte-d'Or,Bourgogne-Franche-Comté,rouge
2020-05-06,22,Côtes-d'Armor,Bretagne,vert
2020-05-06,23,Creuse,Nouvelle-Aquitaine,vert
2020-05-06,24,Dordogne,Nouvelle-Aquitaine,vert
2020-05-06,25,Doubs,Bourgogne-Franche-Comté,rouge
2020-05-06,26,Drôme,Auvergne-Rhône-Alpes,orange
2020-05-06,27,Eure,Normandie,vert
2020-05-06,28,Eure-et-Loir,Centre-Val de Loire,orange
2020-05-06,29,Finistère,Bretagne,vert
2020-05-06,2A,Corse-du-Sud,Corse,vert
2020-05-06,2B,Haute-Corse,Corse,vert
2020-05-06,30,Gard,Occitanie,vert
2020-05-06,31,Haute-Garonne,Occitanie,vert
2020-05-06,32,Gers,Occitanie,vert
2020-05-06,33,Gironde,Nouvelle-Aquitaine,vert
2020-05-06,34,Hérault,Occitanie,vert
2020-05-06,35,Ille-et-Vilaine,Bretagne,vert
2020-05-06,36,Indre,Centre-Val de Loire,orange
2020-05-06,37,Indre-et-Loire,Centre-Val de Loire,orange
2020-05-06,38,Isère,Auvergne-Rhône-Alpes,orange
2020-05-06,39,Jura,Bourgogne-Franche-Comté,rouge
2020-05-06,40,Landes,Nouvelle-Aquitaine,vert
2020-05-06,41,Loir-et-Cher,Centre-Val de Loire,orange
2020-05-06,42,Loire,Auvergne-Rhône-Alpes,orange
2020-05-06,43,Haute-Loire,Auvergne-Rhône-Alpes,orange
2020-05-06,44,Loire-Atlantique,Pays de la Loire,vert
2020-05-06,45,Loiret,Centre-Val de Loire,orange
2020-05-06,46,Lot,Occitanie,vert
2020-05-06,47,Lot-et-Garonne,Nouvelle-Aquitaine,vert
2020-05-06,48,Lozère,Occitanie,vert
2020-05-06,49,Maine-et-Loire,Pays de la Loire,vert
2020-05-06,50,Manche,Normandie,vert
2020-05-06,51,Marne,Grand Est,rouge
2020-05-06,52,Haute-Marne,Grand Est,rouge
2020-05-06,53,Mayenne,Pays de la Loire,vert
2020-05-06,54,Meurthe-et-Moselle,Grand Est,rouge
2020-05-06,55,Meuse,Grand Est,rouge
2020-05-06,56,Morbihan,Bretagne,vert
2020-05-06,57,Moselle,Grand Est,rouge
2020-05-06,58,Nièvre,Bourgogne-Franche-Comté,rouge
2020-05-06,59,Nord,Hauts-de-France,orange
2020-05-06,60,Oise,Hauts-de-France,orange
2020-05-06,61,Orne,Normandie,vert
2020-05-06,62,Pas-de-Calais,Hauts-de-France,orange
2020-05-06,63,Puy-de-Dôme,Auvergne-Rhône-Alpes,orange
2020-05-06,64,Pyrénées-Atlantiques,Nouvelle-Aquitaine,vert
2020-05-06,65,Hautes-Pyrénées,Occitanie,vert
2020-05-06,66,Pyrénées-Orientales,Occitanie,vert
2020-05-06,67,Bas-Rhin,Grand Est,rouge
2020-05-06,68,Haut-Rhin,Grand Est,rouge
2020-05-06,69,Rhône,Auvergne-Rhône-Alpes,orange
2020-05-06,70,Haute-Saône,Bourgogne-Franche-Comté,rouge
2020-05-06,71,Saône-et-Loire,Bourgogne-Franche-Comté,rouge
2020-05-06,72,Sarthe,Pays de la Loire,vert
2020-05-06,73,Savoie,Auvergne-Rhône-Alpes,orange
2020-05-06,74,Haute-Savoie,Auvergne-Rhône-Alpes,orange
2020-05-06,75,Paris,Île-de-France,rouge
2020-05-06,76,Seine-Maritime,Normandie,vert
2020-05-06,77,Seine-et-Marne,Île-de-France,rouge
2020-05-06,78,Yvelines,Île-de-France,rouge
2020-05-06,79,Deux-Sèvres,Nouvelle-Aquitaine,vert
2020-05-06,80,Somme,Hauts-de-France,orange
2020-05-06,81,Tarn,Occitanie,vert
2020-05-06,82,Tarn-et-Garonne,Occitanie,vert
2020-05-06,83,Var,Provence-Alpes-Côte d'Azur,vert
2020-05-06,84,Vaucluse,Provence-Alpes-Côte d'Azur,vert
2020-05-06,85,Vendée,Pays de la Loire,vert
2020-05-06,86,Vienne,Nouvelle-Aquitaine,vert
2020-05-06,87,Haute-Vienne,Nouvelle-Aquitaine,vert
2020-05-06,88,Vosges,Grand Est,rouge
2020-05-06,89,Yonne,Bourgogne-Franche-Comté,rouge
2020-05-06,90,Territoire de Belfort,Bourgogne-Franche-Comté,rouge
2020-05-06,91,Essonne,Île-de-France,rouge
2020-05-06,92,Hauts-de-Seine,Île-de-France,rouge
2020-05-06,93,Seine-Saint-Denis,Île-de-France,rouge
2020-05-06,94,Val-de-Marne,Île-de-France,rouge
2020-05-06,95,Val-d'Oise,Île-de-France,rouge
2020-05-06,971,Guadeloupe,Guadeloupe,vert
2020-05-06,972,Martinique,Martinique,vert
2020-05-06,973,Guyane,Guyane,vert
2020-05-06,974,La Réunion,La Réunion,vert
2020-05-06,976,Mayotte,Mayotte,rouge
2020-05-07,1,Ain,Auvergne-Rhône-Alpes,vert
2020-05-07,2,Aisne,Hauts-de-France,rouge
2020-05-07,3,Allier,Auvergne-Rhône-Alpes,vert
2020-05-07,4,Alpes-de-Haute-Provence,Provence-Alpes-Côte d'Azur,vert
2020-05-07,5,Hautes-Alpes,Provence-Alpes-Côte d'Azur,vert
2020-05-07,6,Alpes-Maritimes,Provence-Alpes-Côte d'Azur,vert
2020-05-07,7,Ardèche,Auvergne-Rhône-Alpes,vert
2020-05-07,8,Ardennes,Grand Est,rouge
2020-05-07,9,Ariège,Occitanie,vert
2020-05-07,10,Aube,Grand Est,rouge
2020-05-07,11,Aude,Occitanie,vert
2020-05-07,12,Aveyron,Occitanie,vert
2020-05-07,13,Bouches-du-Rhône,Provence-Alpes-Côte d'Azur,vert
2020-05-07,14,Calvados,Normandie,vert
2020-05-07,15,Cantal,Auvergne-Rhône-Alpes,vert
2020-05-07,16,Charente,Nouvelle-Aquitaine,vert
2020-05-07,17,Charente-Maritime,Nouvelle-Aquitaine,vert
2020-05-07,18,Cher,Centre-Val de Loire,vert
2020-05-07,19,Corrèze,Nouvelle-Aquitaine,vert
2020-05-07,21,Côte-d'Or,Bourgogne-Franche-Comté,rouge
2020-05-07,22,Côtes-d'Armor,Bretagne,vert
2020-05-07,23,Creuse,Nouvelle-Aquitaine,vert
2020-05-07,24,Dordogne,Nouvelle-Aquitaine,vert
2020-05-07,25,Doubs,Bourgogne-Franche-Comté,rouge
2020-05-07,26,Drôme,Auvergne-Rhône-Alpes,vert
2020-05-07,27,Eure,Normandie,vert
2020-05-07,28,Eure-et-Loir,Centre-Val de Loire,vert
2020-05-07,29,Finistère,Bretagne,vert
2020-05-07,2A,Corse-du-Sud,Corse,vert
2020-05-07,2B,Haute-Corse,Corse,vert
2020-05-07,30,Gard,Occitanie,vert
2020-05-07,31,Haute-Garonne,Occitanie,vert
2020-05-07,32,Gers,Occitanie,vert
2020-05-07,33,Gironde,Nouvelle-Aquitaine,vert
2020-05-07,34,Hérault,Occitanie,vert
2020-05-07,35,Ille-et-Vilaine,Bretagne,vert
2020-05-07,36,Indre,Centre-Val de Loire,vert
2020-05-07,37,Indre-et-Loire,Centre-Val de Loire,vert
2020-05-07,38,Isère,Auvergne-Rhône-Alpes,vert
2020-05-07,39,Jura,Bourgogne-Franche-Comté,rouge
2020-05-07,40,Landes,Nouvelle-Aquitaine,vert
2020-05-07,41,Loir-et-Cher,Centre-Val de Loire,vert
2020-05-07,42,Loire,Auvergne-Rhône-Alpes,vert
2020-05-07,43,Haute-Loire,Auvergne-Rhône-Alpes,vert
2020-05-07,44,Loire-Atlantique,Pays de la Loire,vert
2020-05-07,45,Loiret,Centre-Val de Loire,vert
2020-05-07,46,Lot,Occitanie,vert
2020-05-07,47,Lot-et-Garonne,Nouvelle-Aquitaine,vert
2020-05-07,48,Lozère,Occitanie,vert
2020-05-07,49,Maine-et-Loire,Pays de la Loire,vert
2020-05-07,50,Manche,Normandie,vert
2020-05-07,51,Marne,Grand Est,rouge
2020-05-07,52,Haute-Marne,Grand Est,rouge
2020-05-07,53,Mayenne,Pays de la Loire,vert
2020-05-07,54,Meurthe-et-Moselle,Grand Est,rouge
2020-05-07,55,Meuse,Grand Est,rouge
2020-05-07,56,Morbihan,Bretagne,vert
2020-05-07,57,Moselle,Grand Est,rouge
2020-05-07,58,Nièvre,Bourgogne-Franche-Comté,rouge
2020-05-07,59,Nord,Hauts-de-France,rouge
2020-05-07,60,Oise,Hauts-de-France,rouge
2020-05-07,61,Orne,Normandie,vert
2020-05-07,62,Pas-de-Calais,Hauts-de-France,rouge
2020-05-07,63,Puy-de-Dôme,Auvergne-Rhône-Alpes,vert
2020-05-07,64,Pyrénées-Atlantiques,Nouvelle-Aquitaine,vert
2020-05-07,65,Hautes-Pyrénées,Occitanie,vert
2020-05-07,66,Pyrénées-Orientales,Occitanie,vert
2020-05-07,67,Bas-Rhin,Grand Est,rouge
2020-05-07,68,Haut-Rhin,Grand Est,rouge
2020-05-07,69,Rhône,Auvergne-Rhône-Alpes,vert
2020-05-07,70,Haute-Saône,Bourgogne-Franche-Comté,rouge
2020-05-07,71,Saône-et-Loire,Bourgogne-Franche-Comté,rouge
2020-05-07,72,Sarthe,Pays de la Loire,vert
2020-05-07,73,Savoie,Auvergne-Rhône-Alpes,vert
2020-05-07,74,Haute-Savoie,Auvergne-Rhône-Alpes,vert
2020-05-07,75,Paris,Île-de-France,rouge
2020-05-07,76,Seine-Maritime,Normandie,vert
2020-05-07,77,Seine-et-Marne,Île-de-France,rouge
2020-05-07,78,Yvelines,Île-de-France,rouge
2020-05-07,79,Deux-Sèvres,Nouvelle-Aquitaine,vert
2020-05-07,80,Somme,Hauts-de-France,rouge
2020-05-07,81,Tarn,Occitanie,vert
2020-05-07,82,Tarn-et-Garonne,Occitanie,vert
2020-05-07,83,Var,Provence-Alpes-Côte d'Azur,vert
2020-05-07,84,Vaucluse,Provence-Alpes-Côte d'Azur,vert
2020-05-07,85,Vendée,Pays de la Loire,vert
2020-05-07,86,Vienne,Nouvelle-Aquitaine,vert
2020-05-07,87,Haute-Vienne,Nouvelle-Aquitaine,vert
2020-05-07,88,Vosges,Grand Est,rouge
2020-05-07,89,Yonne,Bourgogne-Franche-Comté,rouge
2020-05-07,90,Territoire de Belfort,Bourgogne-Franche-Comté,rouge
2020-05-07,91,Essonne,Île-de-France,rouge
2020-05-07,92,Hauts-de-Seine,Île-de-France,rouge
2020-05-07,93,Seine-Saint-Denis,Île-de-France,rouge
2020-05-07,94,Val-de-Marne,Île-de-France,rouge
2020-05-07,95,Val-d'Oise,Île-de-France,rouge
2020-05-07,971,Guadeloupe,Guadeloupe,vert
2020-05-07,972,Martinique,Martinique,vert
2020-05-07,973,Guyane,Guyane,vert
2020-05-07,974,La Réunion,La Réunion,vert
2020-05-07,976,Mayotte,Mayotte,rouge
2020-05-28,1,Ain,Auvergne-Rhône-Alpes,vert
2020-05-28,2,Aisne,Hauts-de-France,vert
2020-05-28,3,Allier,Auvergne-Rhône-Alpes,vert
2020-05-28,4,Alpes-de-Haute-Provence,Provence-Alpes-Côte d'Azur,vert
2020-05-28,5,Hautes-Alpes,Provence-Alpes-Côte d'Azur,vert
2020-05-28,6,Alpes-Maritimes,Provence-Alpes-Côte d'Azur,vert
2020-05-28,7,Ardèche,Auvergne-Rhône-Alpes,vert
2020-05-28,8,Ardennes,Grand Est,vert
2020-05-28,9,Ariège,Occitanie,vert
2020-05-28,10,Aube,Grand Est,vert
2020-05-28,11,Aude,Occitanie,vert
2020-05-28,12,Aveyron,Occitanie,vert
2020-05-28,13,Bouches-du-Rhône,Provence-Alpes-Côte d'Azur,vert
2020-05-28,14,Calvados,Normandie,vert
2020-05-28,15,Cantal,Auvergne-Rhône-Alpes,vert
2020-05-28,16,Charente,Nouvelle-Aquitaine,vert
2020-05-28,17,Charente-Maritime,Nouvelle-Aquitaine,vert
2020-05-28,18,Cher,Centre-Val de Loire,vert
2020-05-28,19,Corrèze,Nouvelle-Aquitaine,vert
2020-05-28,21,Côte-d'Or,Bourgogne-Franche-Comté,vert
2020-05-28,22,Côtes-d'Armor,Bretagne,vert
2020-05-28,23,Creuse,Nouvelle-Aquitaine,vert
2020-05-28,24,Dordogne,Nouvelle-Aquitaine,vert
2020-05-28,25,Doubs,Bourgogne-Franche-Comté,vert
2020-05-28,26,Drôme,Auvergne-Rhône-Alpes,vert
2020-05-28,27,Eure,Normandie,vert
2020-05-28,28,Eure-et-Loir,Centre-Val de Loire,vert
2020-05-28,29,Finistère,Bretagne,vert
2020-05-28,2A,Corse-du-Sud,Corse,vert
2020-05-28,2B,Haute-Corse,Corse,vert
2020-05-28,30,Gard,Occitanie,vert
2020-05-28,31,Haute-Garonne,Occitanie,vert
2020-05-28,32,Gers,Occitanie,vert
2020-05-28,33,Gironde,Nouvelle-Aquitaine,vert
2020-05-28,34,Hérault,Occitanie,vert
2020-05-28,35,Ille-et-Vilaine,Bretagne,vert
2020-05-28,36,Indre,Centre-Val de Loire,vert
2020-05-28,37,Indre-et-Loire,Centre-Val de Loire,vert
2020-05-28,38,Isère,Auvergne-Rhône-Alpes,vert
2020-05-28,39,Jura,Bourgogne-Franche-Comté,vert
2020-05-28,40,Landes,Nouvelle-Aquitaine,vert
2020-05-28,41,Loir-et-Cher,Centre-Val de Loire,vert
2020-05-28,42,Loire,Auvergne-Rhône-Alpes,vert
2020-05-28,43,Haute-Loire,Auvergne-Rhône-Alpes,vert
2020-05-28,44,Loire-Atlantique,Pays de la Loire,vert
2020-05-28,45,Loiret,Centre-Val de Loire,vert
2020-05-28,46,Lot,Occitanie,vert
2020-05-28,47,Lot-et-Garonne,Nouvelle-Aquitaine,vert
2020-05-28,48,Lozère,Occitanie,vert
2020-05-28,49,Maine-et-Loire,Pays de la Loire,vert
2020-05-28,50,Manche,Normandie,vert
2020-05-28,51,Marne,Grand Est,vert
2020-05-28,52,Haute-Marne,Grand Est,vert
2020-05-28,53,Mayenne,Pays de la Loire,vert
2020-05-28,54,Meurthe-et-Moselle,Grand Est,vert
2020-05-28,55,Meuse,Grand Est,vert
2020-05-28,56,Morbihan,Bretagne,vert
2020-05-28,57,Moselle,Grand Est,vert
2020-05-28,58,Nièvre,Bourgogne-Franche-Comté,vert
2020-05-28,59,Nord,Hauts-de-France,vert
2020-05-28,60,Oise,Hauts-de-France,vert
2020-05-28,61,Orne,Normandie,vert
2020-05-28,62,Pas-de-Calais,Hauts-de-France,vert
2020-05-28,63,Puy-de-Dôme,Auvergne-Rhône-Alpes,vert
2020-05-28,64,Pyrénées-Atlantiques,Nouvelle-Aquitaine,vert
2020-05-28,65,Hautes-Pyrénées,Occitanie,vert
2020-05-28,66,Pyrénées-Orientales,Occitanie,vert
2020-05-28,67,Bas-Rhin,Grand Est,vert
2020-05-28,68,Haut-Rhin,Grand Est,vert
2020-05-28,69,Rhône,Auvergne-Rhône-Alpes,vert
2020-05-28,70,Haute-Saône,Bourgogne-Franche-Comté,vert
2020-05-28,71,Saône-et-Loire,Bourgogne-Franche-Comté,vert
2020-05-28,72,Sarthe,Pays de la Loire,vert
2020-05-28,73,Savoie,Auvergne-Rhône-Alpes,vert
2020-05-28,74,Haute-Savoie,Auvergne-Rhône-Alpes,vert
2020-05-28,75,Paris,Île-de-France,orange
2020-05-28,76,Seine-Maritime,Normandie,vert
2020-05-28,77,Seine-et-Marne,Île-de-France,orange
2020-05-28,78,Yvelines,Île-de-France,orange
2020-05-28,79,Deux-Sèvres,Nouvelle-Aquitaine,vert
2020-05-28,80,Somme,Hauts-de-France,vert
2020-05-28,81,Tarn,Occitanie,vert
2020-05-28,82,Tarn-et-Garonne,Occitanie,vert
2020-05-28,83,Var,Provence-Alpes-Côte d'Azur,vert
2020-05-28,84,Vaucluse,Provence-Alpes-Côte d'Azur,vert
2020-05-28,85,Vendée,Pays de la Loire,vert
2020-05-28,86,Vienne,Nouvelle-Aquitaine,vert
2020-05-28,87,Haute-Vienne,Nouvelle-Aquitaine,vert
2020-05-28,88,Vosges,Grand Est,vert
2020-05-28,89,Yonne,Bourgogne-Franche-Comté,vert
2020-05-28,90,Territoire de Belfort,Bourgogne-Franche-Comté,vert
2020-05-28,91,Essonne,Île-de-France,orange
2020-05-28,92,Hauts-de-Seine,Île-de-France,orange
2020-05-28,93,Seine-Saint-Denis,Île-de-France,orange
2020-05-28,94,Val-de-Marne,Île-de-France,orange
2020-05-28,95,Val-d'Oise,Île-de-France,orange
2020-05-28,971,Guadeloupe,Guadeloupe,vert
2020-05-28,972,Martinique,Martinique,vert
2020-05-28,973,Guyane,Guyane,orange
2020-05-28,974,La Réunion,La Réunion,vert
2020-05-28,976,Mayotte,Mayotte,orange
2020-06-15,1,Ain,Auvergne-Rhône-Alpes,vert
2020-06-15,2,Aisne,Hauts-de-France,vert
2020-06-15,3,Allier,Auvergne-Rhône-Alpes,vert
2020-06-15,4,Alpes-de-Haute-Provence,Provence-Alpes-Côte d'Azur,vert
2020-06-15,5,Hautes-Alpes,Provence-Alpes-Côte d'Azur,vert
2020-06-15,6,Alpes-Maritimes,Provence-Alpes-Côte d'Azur,vert
2020-06-15,7,Ardèche,Auvergne-Rhône-Alpes,vert
2020-06-15,8,Ardennes,Grand Est,vert
2020-06-15,9,Ariège,Occitanie,vert
2020-06-15,10,Aube,Grand Est,vert
2020-06-15,11,Aude,Occitanie,vert
2020-06-15,12,Aveyron,Occitanie,vert
2020-06-15,13,Bouches-du-Rhône,Provence-Alpes-Côte d'Azur,vert
2020-06-15,14,Calvados,Normandie,vert
2020-06-15,15,Cantal,Auvergne-Rhône-Alpes,vert
2020-06-15,16,Charente,Nouvelle-Aquitaine,vert
2020-06-15,17,Charente-Maritime,Nouvelle-Aquitaine,vert
2020-06-15,18,Cher,Centre-Val de Loire,vert
2020-06-15,19,Corrèze,Nouvelle-Aquitaine,vert
2020-06-15,21,Côte-d'Or,Bourgogne-Franche-Comté,vert
2020-06-15,22,Côtes-d'Armor,Bretagne,vert
2020-06-15,23,Creuse,Nouvelle-Aquitaine,vert
2020-06-15,24,Dordogne,Nouvelle-Aquitaine,vert
2020-06-15,25,Doubs,Bourgogne-Franche-Comté,vert
2020-06-15,26,Drôme,Auvergne-Rhône-Alpes,vert
2020-06-15,27,Eure,Normandie,vert
2020-06-15,28,Eure-et-Loir,Centre-Val de Loire,vert
2020-06-15,29,Finistère,Bretagne,vert
2020-06-15,2A,Corse-du-Sud,Corse,vert
2020-06-15,2B,Haute-Corse,Corse,vert
2020-06-15,30,Gard,Occitanie,vert
2020-06-15,31,Haute-Garonne,Occitanie,vert
2020-06-15,32,Gers,Occitanie,vert
2020-06-15,33,Gironde,Nouvelle-Aquitaine,vert
2020-06-15,34,Hérault,Occitanie,vert
2020-06-15,35,Ille-et-Vilaine,Bretagne,vert
2020-06-15,36,Indre,Centre-Val de Loire,vert
2020-06-15,37,Indre-et-Loire,Centre-Val de Loire,vert
2020-06-15,38,Isère,Auvergne-Rhône-Alpes,vert
2020-06-15,39,Jura,Bourgogne-Franche-Comté,vert
2020-06-15,40,Landes,Nouvelle-Aquitaine,vert
2020-06-15,41,Loir-et-Cher,Centre-Val de Loire,vert
2020-06-15,42,Loire,Auvergne-Rhône-Alpes,vert
2020-06-15,43,Haute-Loire,Auvergne-Rhône-Alpes,vert
2020-06-15,44,Loire-Atlantique,Pays de la Loire,vert
2020-06-15,45,Loiret,Centre-Val de Loire,vert
2020-06-15,46,Lot,Occitanie,vert
2020-06-15,47,Lot-et-Garonne,Nouvelle-Aquitaine,vert
2020-06-15,48,Lozère,Occitanie,vert
2020-06-15,49,Maine-et-Loire,Pays de la Loire,vert
2020-06-15,50,Manche,Normandie,vert
2020-06-15,51,Marne,Grand Est,vert
2020-06-15,52,Haute-Marne,Grand Est,vert
2020-06-15,53,Mayenne,Pays de la Loire,vert
2020-06-15,54,Meurthe-et-Moselle,Grand Est,vert
2020-06-15,55,Meuse,Grand Est,vert
2020-06-15,56,Morbihan,Bretagne,vert
2020-06-15,57,Moselle,Grand Est,vert
2020-06-15,58,Nièvre,Bourgogne-Franche-Comté,vert
2020-06-15,59,Nord,Hauts-de-France,vert
2020-06-15,60,Oise,Hauts-de-France,vert
2020-06-15,61,Orne,Normandie,vert
2020-06-15,62,Pas-de-Calais,Hauts-de-France,vert
2020-06-15,63,Puy-de-Dôme,Auvergne-Rhône-Alpes,vert
2020-06-15,64,Pyrénées-Atlantiques,Nouvelle-Aquitaine,vert
2020-06-15,65,Hautes-Pyrénées,Occitanie,vert
2020-06-15,66,Pyrénées-Orientales,Occitanie,vert
2020-06-15,67,Bas-Rhin,Grand Est,vert
2020-06-15,68,Haut-Rhin,Grand Est,vert
2020-06-15,69,Rhône,Auvergne-Rhône-Alpes,vert
2020-06-15,70,Haute-Saône,Bourgogne-Franche-Comté,vert
2020-06-15,71,Saône-et-Loire,Bourgogne-Franche-Comté,vert
2020-06-15,72,Sarthe,Pays de la Loire,vert
2020-06-15,73,Savoie,Auvergne-Rhône-Alpes,vert
2020-06-15,74,Haute-Savoie,Auvergne-Rhône-Alpes,vert
2020-06-15,75,Paris,Île-de-France,vert
2020-06-15,76,Seine-Maritime,Normandie,vert
2020-06-15,77,Seine-et-Marne,Île-de-France,vert
2020-06-15,78,Yvelines,Île-de-France,vert
2020-06-15,79,Deux-Sèvres,Nouvelle-Aquitaine,vert
2020-06-15,80,Somme,Hauts-de-France,vert
2020-06-15,81,Tarn,Occitanie,vert
2020-06-15,82,Tarn-et-Garonne,Occitanie,vert
2020-06-15,83,Var,Provence-Alpes-Côte d'Azur,vert
2020-06-15,84,Vaucluse,Provence-Alpes-Côte d'Azur,vert
2020-06-15,85,Vendée,Pays de la Loire,vert
2020-06-15,86,Vienne,Nouvelle-Aquitaine,vert
2020-06-15,87,Haute-Vienne,Nouvelle-Aquitaine,vert
2020-06-15,88,Vosges,Grand Est,vert
2020-06-15,89,Yonne,Bourgogne-Franche-Comté,vert
2020-06-15,90,Territoire de Belfort,Bourgogne-Franche-Comté,vert
2020-06-15,91,Essonne,Île-de-France,vert
2020-06-15,92,Hauts-de-Seine,Île-de-France,vert
2020-06-15,93,Seine-Saint-Denis,Île-de-France,vert
2020-06-15,94,Val-de-Marne,Île-de-France,vert
2020-06-15,95,Val-d'Oise,Île-de-France,vert
2020-06-15,971,Guadeloupe,Guadeloupe,vert
2020-06-15,972,Martinique,Martinique,vert
2020-06-15,973,Guyane,Guyane,orange
2020-06-15,974,La Réunion,La Réunion,vert
2020-06-15,976,Mayotte,Mayotte,orange
